{
  "assetsByChunkName": {
    "vendors~app-account~app-checkout~app-confirmation~app-order": "chunk.c6eb901862d56beede89.js",
    "vendors~app-account~app-confirmation~app-order": "chunk.a8bccee5cafc90b039c3.js",
    "vendors~app-account~app-checkout": "chunk.8da42124357011a3474c.js",
    "vendors~app-cart~app-checkout": "chunk.c4f7fd31fc814bbd91ef.js",
    "admin": [
      "admin.39195b756456f2a280ed.js",
      "admin.39195b756456f2a280ed.js.map"
    ],
    "app-account": "chunk.59ae165adfa723210144.js",
    "app-checkout": "chunk.be30cc8859164d78d808.js",
    "app-confirmation": "chunk.997b2af9e97b39c73d3e.js",
    "app-order": "chunk.f6da1d048e1b32abc7a7.js",
    "checkout": [
      "checkout.ef2d1ab001ab98704637.js",
      "checkout.ef2d1ab001ab98704637.js.map"
    ],
    "storefront": [
      "storefront.b3dd93f2a312c981f170.css",
      "storefront.ffba7b54976278ab223f.js",
      "storefront.b3dd93f2a312c981f170.css.map",
      "storefront.ffba7b54976278ab223f.js.map"
    ],
    "vendors~app-cart": "chunk.e0db16f737a06f4c4eb0.js"
  }
}