{
  "title": "Sobre nós",
  "meta_title": "Sobre nós",
  "meta_description": "Sobre nós",
  "body": "O﻿i, meu nome é Juliana, sou a idealizadora da Villa Maju Kids.\n\nO nome Villa Maju vem da junção do nome das minhas duas filhas, Maria Eduarda e Julia.\n\nA Villa Maju nasceu da necessidade que eu tinha de empreender, de fazer algo por mim, pelas minhas filhas e principalmente pela minha carreira profissional.\n\nA﻿ Juju, minha caçula, está nessa jornada comigo. E﻿ juntas gostaríamos de dar as boas vindas a todas vocês ao universo Villa Maju!!",
  "sections": [
    {
      "type": "banner-slider",
      "autoplay": 9000,
      "full_width": false,
      "slides": []
    }
  ]
}