{
  "meta_title": "",
  "meta_description": "",
  "sections": [
    {
      "type": "banner-slider",
      "autoplay": 5000,
      "full_width": true,
      "slides": [
        {
          "start": "",
          "end": "",
          "img": "/img/uploads/1920x700-mod-1-copiar-2.png",
          "link": "https://villamaju.com.br/novidades",
          "mobile_img": "/img/uploads/600x600-mod1-copiar-2.png"
        },
        {
          "start": "",
          "end": "",
          "img": "/img/uploads/1900x700-dektop-mod-1.png",
          "link": "https://villamaju.com.br/todososprodutos",
          "mobile_img": "/img/uploads/600x600-mod1.png"
        },
        {
          "start": "",
          "end": "",
          "img": "/img/uploads/1920x700-mod-1-copiar.png",
          "mobile_img": "/img/uploads/600x600-celular-mod1-copiar.png",
          "link": "https://villamaju.com.br/todososprodutos"
        }
      ]
    },
    {
      "type": "info-bar",
      "enabled": true
    },
    {
      "type": "collection-shelf",
      "shuffle": false,
      "limit": 12,
      "page": 1,
      "sort": "news",
      "title": "Tops da Maju",
      "link": "https://villamaju.com.br/novidades"
    },
    {
      "type": "dynamic-showcase",
      "load_more": true,
      "sort": "lowest_price"
    }
  ]
}