{
  "shipping": {
    "show": true,
    "text": "Frete Grátis - clique aqui e confira as condições ",
    "link": "https://villamaju.com.br/pages/entrega"
  },
  "installments": {
    "show": true,
    "text": "Parcele em até 2x sem juros",
    "link": "https://villamaju.com.br/todososprodutos"
  },
  "exchange": {
    "show": false,
    "text": "",
    "link": "https://villamaju.com.br/pages/trocas",
    "title": "Trocas e Devoluções"
  },
  "promo": {
    "show": true,
    "text": "Ganhe 5% de desconto no pagamento via Pix",
    "link": "https://villamaju.com.br/novidades"
  }
}